"DESCRIPTION","DURATION IN MS","NAME","PARENT SUITE","START TIME","STATUS","STOP TIME","SUB SUITE","SUITE","TEST CLASS","TEST METHOD"
"As a logged-in user
  I want to search loans by each search type
  So that I can confirm data is fetched from the application","168","Search by State returns results","","2026-10-05","failed","2026-10-05","","Search by State returns results","",""
"As a logged-in user
  I want to search loans by each search type
  So that I can confirm data is fetched from the application","185","Search by Street returns results","","2026-10-05","failed","2026-10-05","","Search by Street returns results","",""
"As a user of Shellpoint Mortgage Servicing
  I want to log in to the Insight application
  So that I can access the portal","1435","Successful login with valid credentials","","2026-10-05","failed","2026-10-05","","Successful login with valid credentials","",""
"As a logged-in user
  I want to search loans by each search type
  So that I can confirm data is fetched from the application","164","Search by City returns results","","2026-10-05","failed","2026-10-05","","Search by City returns results","",""
"As a user of Shellpoint Mortgage Servicing
  I want to log in to the Insight application
  So that I can access the portal","217","Login fails with empty credentials","","2026-10-05","failed","2026-10-05","","Login fails with empty credentials","",""
"As a logged-in user
  I want to search loans by each search type
  So that I can confirm data is fetched from the application","163","Search by Name returns results","","2026-10-05","failed","2026-10-05","","Search by Name returns results","",""
"As a logged-in user
  I want to search loans by each search type
  So that I can confirm data is fetched from the application","185","Search by Loan ID returns results","","2026-10-05","failed","2026-10-05","","Search by Loan ID returns results","",""
"As a user of Shellpoint Mortgage Servicing
  I want to log in to the Insight application
  So that I can access the portal","245","Login fails with invalid credentials","","2026-10-05","failed","2026-10-05","","Login fails with invalid credentials","",""
"As a logged-in user
  I want to search loans by each search type
  So that I can confirm data is fetched from the application","164","Search by Zipcode returns results","","2026-10-05","failed","2026-10-05","","Search by Zipcode returns results","",""
"As a mortgage servicing analyst
  I want to search for a specific Loan ID and navigate through all tabs
  So that I can verify data is correctly populated across all tab panels","166","Verify all 14 loan detail tabs for Loan ID 555835905","","2026-10-05","failed","2026-10-05","","Verify all 14 loan detail tabs for Loan ID 555835905","",""
"As a QA Automation Engineer
  I want to verify the backend API response status code and JSON response fields
  when searching for Loan ID 555835905 in the Insight application,
  including Address, InvestorId, and Borrower 1 & Borrower 2 values,
  and print the full response payload.","166","Verify API response status, Address, InvestorId, Borrower 1 & 2 details, and print payload","","2026-10-05","failed","2026-10-05","","Verify API response status, Address, InvestorId, Borrower 1 & 2 details, and print payload","",""
